HIGH_RISK_score,MONITORING_score,LOW_RISK_score,risk_level
0.9503492418911347,0.023306896854736754,0.0263438612541287,HIGH_RISK
0.5503977393068135,0.43493865894074213,0.014663601752444553,HIGH_RISK
0.492559314415777,0.45460361572709623,0.05283706985712685,MONITORING
0.23566894616417378,0.5800715844799895,0.18425946935583665,MONITORING
0.0636403187066805,0.923700012363856,0.012659668929463493,MONITORING
0.11949747543434877,0.7775393495374718,0.10296317502817935,MONITORING
0.08309893356529087,0.5836310048246418,0.3332700616100673,MONITORING
0.6431243701032491,0.32626735715347577,0.0306082727432752,MONITORING
0.9241104602628517,0.07232487792648556,0.0035646618106626345,HIGH_RISK
0.0647683498454169,0.9001001457857982,0.03513150436878484,MONITORING
0.17671162039880042,0.7866672981741021,0.036621081427097454,MONITORING
0.7579139748429384,0.15250034044705507,0.08958568471000664,HIGH_RISK
0.9454441922966239,0.05039636703970523,0.00415944066367092,HIGH_RISK
0.7844000272240789,0.03564149504717349,0.17995847772874768,HIGH_RISK
0.1510570730514554,0.7984138077849054,0.05052911916363915,MONITORING
0.15105773993020338,0.7984118316977536,0.050530428372043024,MONITORING
0.06364017037726424,0.923700295166578,0.012659534456157645,MONITORING
0.1282308985728479,0.40775935492459037,0.46400974650256166,LOW_RISK
0.2242857366759881,0.5856131715050888,0.19010109181892312,MONITORING
0.7601489939567958,0.23056233842638,0.009288667616824115,HIGH_RISK
0.9544630943661743,0.04364171576592895,0.0018951898678968343,HIGH_RISK
0.3781250410290395,0.5802769863144852,0.04159797265647524,MONITORING
0.06364035437658407,0.9236999461475577,0.012659699475858181,MONITORING
0.11524476514737246,0.4956276533939335,0.38912758145869414,MONITORING
0.8025547968260945,0.1289646275778447,0.0684805755960608,HIGH_RISK
0.7917277801226215,0.2008236100060598,0.007448609871318839,HIGH_RISK
0.6198725140778637,0.35190153709977673,0.02822594882235957,MONITORING
0.8742460794858684,0.1228108078641331,0.0029431126499984486,HIGH_RISK
0.8951539625915208,0.07195899576917754,0.03288704163930165,HIGH_RISK
0.13253692690598096,0.8242017203959404,0.043261352698078584,HIGH_RISK
0.06929197275105838,0.20460264794989824,0.7261053792990434,LOW_RISK
0.12843868795780908,0.3255470691276698,0.5460142429145212,LOW_RISK
0.8446686826953435,0.045825330441112956,0.10950598686354346,HIGH_RISK
0.5480115481284495,0.443359844133896,0.008628607737654548,HIGH_RISK
0.4745618226753365,0.5160707753763458,0.009367401948317677,MONITORING
0.16753690321664405,0.6778451473712644,0.1546179494120915,MONITORING
0.19105968586291594,0.4083037824551013,0.4006365316819829,MONITORING
0.47141893460986695,0.4843016635079389,0.04427940188219416,MONITORING
0.4045286649080006,0.5554445141466515,0.040026820945347805,HIGH_RISK
0.1510575865732716,0.7984122855900179,0.050530127836710396,MONITORING
0.21899413095286496,0.703126986859892,0.07787888218724308,MONITORING
0.404515550593691,0.5554557282456272,0.04002872116068188,HIGH_RISK
0.15268315154405054,0.8191373889151758,0.02817945954077346,MONITORING
0.011441781231024361,0.02590205458764396,0.9626561641813317,LOW_RISK
0.15295108553556308,0.7874456334195458,0.05960328104489116,MONITORING
0.8684279095867925,0.09824644394038634,0.03332564647282114,HIGH_RISK
0.15268316520822628,0.8191373628462659,0.028179471945507743,MONITORING
0.06476835888462208,0.9001001144522435,0.035131526663134446,MONITORING
0.34370972598827726,0.4532463713103695,0.2030439027013533,MONITORING
0.28776806256083937,0.581449753010782,0.1307821844283786,MONITORING
0.9727030209779735,0.020274675212486284,0.007022303809540293,HIGH_RISK
0.9601744930874476,0.03779568690606625,0.0020298200064861128,HIGH_RISK
0.06476835844381772,0.900100114216137,0.03513152734004537,MONITORING
0.7579088148844034,0.15249402797126005,0.08959715714433658,HIGH_RISK
0.04812709996315899,0.13465588142882137,0.8172170186080197,LOW_RISK
0.04379457623050879,0.1105566094754979,0.8456488142939933,MONITORING
0.38941179084208133,0.5211898528107595,0.08939835634715926,MONITORING
0.9601744474900227,0.03779572443702521,0.002029828072952121,HIGH_RISK
0.11949747656140053,0.7775393477065646,0.1029631757320348,MONITORING
0.1510566082864943,0.7984151854025248,0.05052820631098086,MONITORING
0.7844000272240789,0.03564149504717349,0.17995847772874768,HIGH_RISK
0.29777143149085233,0.6945542992803536,0.00767426922879401,MONITORING
0.17329860354301607,0.4275516807821716,0.39914971567481233,MONITORING
0.11949747631782659,0.777539343953219,0.10296317972895445,MONITORING
0.17671165993074778,0.7866662775712657,0.03662206249798658,MONITORING
0.01144270286592025,0.0259035956069177,0.9626537015271621,LOW_RISK
0.9277428966379855,0.048812740794219024,0.023444362567795612,HIGH_RISK
0.10745148585152323,0.8895579534004859,0.002990560747990856,MONITORING
0.7733842681845501,0.10905158078029004,0.11756415103515984,HIGH_RISK
0.8925673397680359,0.07965191441836429,0.027780745813599888,HIGH_RISK
0.011442330571155818,0.025902973755916405,0.9626546956729277,LOW_RISK
0.37232731182741563,0.4530577790675151,0.17461490910506927,MONITORING
0.06364031352130858,0.9237000222101439,0.01265966426854756,MONITORING
0.7579042937557621,0.15248850612368905,0.08960720012054886,HIGH_RISK
0.13451363618916715,0.47219536732752854,0.39329099648330434,MONITORING
0.15105735471787266,0.7984129733615257,0.050529671920601524,MONITORING
0.5480394306929902,0.4433351629028855,0.008625406404124345,HIGH_RISK
0.0647683558672182,0.9001001233998775,0.03513152073290411,MONITORING
0.06364029993845541,0.9237000461485602,0.012659653912984369,MONITORING
0.06476835895424184,0.9001001129094834,0.035131528136274764,MONITORING
0.339639945678044,0.3077462663792924,0.35261378794266346,MONITORING
0.20255505676281169,0.5723984602297684,0.2250464830074199,MONITORING
0.8928161910479298,0.0869438549783702,0.020239953973700032,HIGH_RISK
0.9277428977913381,0.04881274007004527,0.023444362138616757,HIGH_RISK
0.9485713909871012,0.0507513573795271,0.0006772516333717666,HIGH_RISK
0.7722119253812956,0.16589613495169708,0.061891939667007255,HIGH_RISK
0.4045602269773134,0.5554175876698696,0.040022185352817055,HIGH_RISK
0.048134176721065444,0.13465888113351515,0.8172069421454193,LOW_RISK
0.15268372564281954,0.8191362575501335,0.02818001680704687,MONITORING
0.9390780945112381,0.05812550602228258,0.0027963994664794442,HIGH_RISK
0.8139951127814864,0.09564154492829252,0.09036334229022101,HIGH_RISK
0.15268354096010137,0.8191366215533867,0.02817983748651187,MONITORING
0.06476835844381772,0.900100114216137,0.03513152734004537,MONITORING
0.11949747592926498,0.7775393461710137,0.10296317789972133,MONITORING
0.15268319625936294,0.8191373012094626,0.028179502531174502,MONITORING
0.1497967010477926,0.26180356580274583,0.5883997331494615,MONITORING
0.5943419039966231,0.3828065483669027,0.02285154763647416,HIGH_RISK
0.17671166686100023,0.7866661032446193,0.036622229894380486,MONITORING
0.20216478463681659,0.7733638108575773,0.024471404505606174,MONITORING
0.7924334954213592,0.19925962197355093,0.008306882605089919,MONITORING
0.15105789986482646,0.7984113580531685,0.050530742082005066,MONITORING
0.2464756295337891,0.49922751055028997,0.25429685991592094,MONITORING
0.8924551441034765,0.08725701373525119,0.02028784216127235,HIGH_RISK
0.3485144328167529,0.5835960938900043,0.06788947329324277,MONITORING
0.7662999157137633,0.22000465289237361,0.013695431393863118,HIGH_RISK
0.1510572121162956,0.7984133955341395,0.05052939234956502,MONITORING
0.9454441648866442,0.0503964016284524,0.004159433484903366,HIGH_RISK
0.4917515907751605,0.5058679746544957,0.0023804345703438133,HIGH_RISK
0.5507242662375258,0.43282501289865344,0.016450720863820746,MONITORING
0.17328631054693996,0.4275364757825526,0.3991772136705074,MONITORING
0.09963648584347369,0.2401522179130295,0.6602112962434968,MONITORING
0.10235049763627237,0.8823553419934637,0.015294160370263932,MONITORING
0.3633688048249582,0.5285747462800254,0.10805644889501631,MONITORING
0.13252891296367753,0.8242065668416645,0.04326452019465801,HIGH_RISK
0.05046570749574249,0.7628976081659526,0.1866366843383048,MONITORING
0.11949747452311815,0.7775393611458861,0.10296316433099581,MONITORING
0.152682503549144,0.8191386670590497,0.02817882939180623,MONITORING
0.06364022568878178,0.9237001759259316,0.012659598385286651,MONITORING
0.1767116460492382,0.7866666185805887,0.03662173537017301,MONITORING
0.9601744331744192,0.03779573611835298,0.002029830707227779,HIGH_RISK
0.10745147866113933,0.889557961560727,0.002990559778133655,MONITORING
0.18941362093303338,0.7422928557851101,0.06829352328185653,MONITORING
0.02516000364355584,0.15539199829231135,0.8194479980641328,LOW_RISK
0.06364007416903503,0.9237004785852528,0.01265944724571214,MONITORING
0.9277428977913381,0.04881274007004527,0.023444362138616757,HIGH_RISK
0.011442218516155836,0.025902785703745698,0.9626549957800985,LOW_RISK
0.9601744930874476,0.03779568690606625,0.0020298200064861128,HIGH_RISK
0.11949747507907231,0.7775393500909508,0.10296317482997704,MONITORING
0.3815656611994051,0.33621166306298667,0.2822226757376082,MONITORING
0.9671579856249197,0.028698178141078,0.004143836234002121,HIGH_RISK
0.20956764470392883,0.652972744587156,0.13745961070891505,MONITORING
0.11949747576429288,0.7775393472931663,0.10296317694254067,MONITORING
0.15105862406160617,0.7984092105620948,0.05053216537629902,MONITORING
0.06476835753456392,0.9001001172408699,0.0351315252245661,MONITORING
0.06364029773274621,0.9237000500208277,0.012659652246425986,MONITORING
0.9267776660173284,0.05758342245575262,0.015638911526919055,HIGH_RISK
0.06754526703170337,0.21526981895451336,0.7171849140137834,LOW_RISK
0.25653412816394366,0.7290732193913697,0.014392652444686627,HIGH_RISK
0.011441598879724246,0.025901749119287894,0.9626566520009878,LOW_RISK
0.1510582221664097,0.7984104024242427,0.05053137540934758,MONITORING
0.15105681371906468,0.7984145771576022,0.05052860912333308,MONITORING
0.16450176824039306,0.7704756669919561,0.06502256476765075,MONITORING
0.9601744931434584,0.03779568685690574,0.002029819999635868,HIGH_RISK
0.15105662563249575,0.7984151337875494,0.05052824057995481,MONITORING
0.5263126341537475,0.47267968867428106,0.0010076771719714965,HIGH_RISK
0.15105756588866995,0.7984123472897421,0.050530086821587966,MONITORING
0.13451601010707118,0.4721995851535831,0.39328440473934567,MONITORING
0.03330670609409934,0.1291285399534395,0.8375647539524612,LOW_RISK
0.9601744657181909,0.03779570943264929,0.0020298248491599476,HIGH_RISK
0.15268250770175038,0.8191386590192825,0.028178833278967214,MONITORING
0.03330777375010478,0.12913437157979343,0.8375578546701018,LOW_RISK
0.8472909513641008,0.078255714299922,0.07445333433597712,HIGH_RISK
0.15268371215358295,0.8191362835462342,0.028180004300182877,MONITORING
0.0114419580959879,0.025902351427388285,0.9626556904766239,LOW_RISK
0.9601744931669106,0.03779568683098037,0.0020298200021089475,HIGH_RISK
0.5480602785446134,0.44331671472649126,0.00862300672889531,HIGH_RISK
0.9047207195127045,0.08814822605656443,0.007131054430731022,HIGH_RISK
0.17330186148875795,0.4275557031997953,0.39914243531144683,MONITORING
0.13252247392885003,0.8242108465493444,0.043266679521805594,HIGH_RISK
0.10235049004244962,0.8823553775404196,0.015294132417130783,MONITORING
0.02516000358566774,0.15539199807663914,0.8194479983376931,LOW_RISK
0.29777743596682277,0.6945474201325693,0.007675143900607953,MONITORING
0.9277428668534761,0.048812751315735085,0.02344438183078897,HIGH_RISK
0.10235049082462919,0.8823553773898344,0.015294131785536524,MONITORING
0.9601744928163725,0.037795687160146106,0.0020298200234814164,HIGH_RISK
0.09350451565417142,0.7097255182135659,0.19676996613226264,MONITORING
0.9213583436332665,0.04294836911882982,0.035693287247903646,HIGH_RISK
0.01144152444834558,0.025901623195831988,0.9626568523558224,LOW_RISK
0.7176321900263967,0.27810700221939355,0.004260807754209815,HIGH_RISK
0.9485713909871012,0.0507513573795271,0.0006772516333717666,HIGH_RISK
0.11949747474912815,0.7775393523352562,0.10296317291561574,MONITORING
0.21047643571876345,0.6441217502562536,0.14540181402498298,MONITORING
0.9454441842159689,0.0503963780893782,0.004159437694652842,HIGH_RISK
0.06476835866102619,0.9001001139179321,0.035131527421041635,MONITORING
0.5263131051866542,0.4726792107551513,0.0010076840581944929,HIGH_RISK
0.1850827954125774,0.6579955726616356,0.156921631925787,MONITORING
0.9277428972858699,0.04881274038537254,0.023444362328757462,HIGH_RISK
0.27421862396469626,0.06798037524000551,0.6578010007952982,HIGH_RISK
0.9194166864734826,0.06551743223607293,0.015065881290444436,HIGH_RISK
0.11949747191017361,0.7775393695511924,0.10296315853863403,MONITORING
0.0636402222367929,0.9237001953148902,0.012659582448316907,MONITORING
0.2464756295337891,0.49922751055028997,0.25429685991592094,MONITORING
0.011442016823732387,0.02590244966190006,0.9626555335143675,LOW_RISK
0.25653411742438187,0.7290732553916918,0.014392627183926301,HIGH_RISK
0.550473951390284,0.4348802551546491,0.014645793455066898,HIGH_RISK
0.17671165380176718,0.7866664220153858,0.036621924182847064,MONITORING
0.06834764195357163,0.9053075041683628,0.026344853878065476,MONITORING
0.9601744912693845,0.03779568860953934,0.0020298201210760857,HIGH_RISK
0.6846823696936306,0.03855017469630308,0.2767674556100664,HIGH_RISK
0.9485713909871012,0.0507513573795271,0.0006772516333717666,HIGH_RISK
0.1767116671825957,0.7866660651324551,0.03662226768494912,MONITORING
0.06476835804498805,0.9001001159342165,0.035131526020795466,MONITORING
0.26251938406876196,0.6235339132270553,0.11394670270418272,MONITORING
0.11949747592926498,0.7775393461710137,0.10296317789972133,MONITORING
0.06364015616952584,0.923700320775344,0.012659523055130073,MONITORING
0.011442776042591236,0.02590371762787141,0.9626535063295374,LOW_RISK
0.8984505866655369,0.04591790368147585,0.055631509652987104,HIGH_RISK
0.33964006556016296,0.3077462137239762,0.35261372071586083,MONITORING
0.8446664633663288,0.045824786138094195,0.10950875049557711,HIGH_RISK
0.1767116713013647,0.7866659924194135,0.036622336279221894,MONITORING
0.21642329305555327,0.6206065088856118,0.16297019805883492,MONITORING
0.10235042971598726,0.8823556990745688,0.015293871209444023,MONITORING
0.9277428314653264,0.048812759968077275,0.023444408566596305,HIGH_RISK
0.9454440347803873,0.050396581668149865,0.004159383551462855,HIGH_RISK
0.2104708005436203,0.6441186244509844,0.14541057500539523,MONITORING
0.7350825834933878,0.22439345539834216,0.04052396110827011,HIGH_RISK
0.37812509288591484,0.5802768898918158,0.04159801722226933,MONITORING
0.15268355227414454,0.8191365987549073,0.028179848970948152,MONITORING
0.05448585701718052,0.04898996141579685,0.8965241815670226,LOW_RISK
0.9213583436332665,0.04294836911882982,0.035693287247903646,HIGH_RISK
0.8731434098203548,0.06697486712929229,0.05988172305035298,HIGH_RISK
0.11949747543434877,0.7775393495374718,0.10296317502817935,MONITORING
0.34372401142453446,0.4532502065994871,0.20302578197597826,MONITORING
0.6846823696936306,0.03855017469630308,0.2767674556100664,HIGH_RISK
0.2104808519513408,0.6441241904203369,0.14539495762832239,MONITORING
0.1167889497388958,0.44077996517716667,0.44243108508393764,LOW_RISK
0.9601744881659561,0.03779569117499185,0.0020298206590520576,HIGH_RISK
0.11949747373574689,0.7775393584091982,0.10296316785505484,MONITORING
0.9485713909871012,0.0507513573795271,0.0006772516333717666,HIGH_RISK
0.40453446618059624,0.5554395578821978,0.04002597593720594,HIGH_RISK
0.06364035139591864,0.923699950522366,0.012659698081715394,MONITORING
0.9277428975386038,0.048812740227708894,0.023444362233687108,HIGH_RISK
0.0114419555012025,0.02590234757864046,0.9626556969201571,LOW_RISK
0.9671579766932502,0.028698184429481147,0.004143838877268568,HIGH_RISK
0.3746957333875413,0.34022832063414954,0.2850759459783092,MONITORING
0.7733842681845501,0.10905158078029004,0.11756415103515984,HIGH_RISK
0.10745134015010858,0.8895581174748748,0.002990542375016599,MONITORING
0.9277428498159773,0.0488127538899232,0.023444396294099556,HIGH_RISK
0.5480244740647949,0.4433484023302596,0.008627123604945325,HIGH_RISK
0.19332180952398817,0.7181703705627105,0.08850781991330134,MONITORING
0.15268251956003762,0.81913863568311,0.0281788447568525,MONITORING
0.011441917151459929,0.02590228314375262,0.9626557997047873,LOW_RISK
0.20216750364348396,0.7733592904068045,0.024473205949711616,MONITORING
0.22786794228900875,0.5164002023381602,0.2557318553728311,MONITORING
0.06476835863141936,0.9001001139173189,0.03513152745126169,MONITORING
0.11949747631782659,0.777539343953219,0.10296317972895445,MONITORING
0.06476835844381772,0.900100114216137,0.03513152734004537,MONITORING
0.8575697683342096,0.1318961073376875,0.010534124328102927,HIGH_RISK
0.8408874788225075,0.15536563666138492,0.003746884516107666,HIGH_RISK
0.011441566094590936,0.02590169363489338,0.9626567402705157,LOW_RISK
0.9350031510954577,0.053784207011659944,0.011212641892882317,HIGH_RISK
0.9454441678198908,0.05039640008697486,0.004159432093134297,HIGH_RISK
0.9277428930997091,0.04881274300151018,0.023444363898780712,HIGH_RISK
0.6342852213417616,0.36063532564627476,0.00507945301196368,HIGH_RISK
0.9601744930874476,0.03779568690606625,0.0020298200064861128,HIGH_RISK
0.9277428919784556,0.0488127436963093,0.02344436432523512,HIGH_RISK
0.25229370829308473,0.3169150692098555,0.4307912224970597,MONITORING
0.10235048854793172,0.8823553889114305,0.015294122540637814,MONITORING
0.1767116671070436,0.786666075505775,0.0366222573871814,MONITORING
0.13254027941363178,0.4771037970480183,0.39035592353834986,MONITORING
0.9194165060358932,0.06551735234618553,0.015066141617921148,HIGH_RISK
0.5489448083504678,0.45072941752337126,0.00032577412616099515,HIGH_RISK
0.07308052612754831,0.5815201453478385,0.34539932852461314,MONITORING
0.11949747563260595,0.7775393467510032,0.10296317761639076,MONITORING
0.06476835220936196,0.9001001375140312,0.035131510276606735,MONITORING
0.06476834975659639,0.9001001457839587,0.03513150445944498,MONITORING
0.8334941129635465,0.10516873083903049,0.06133715619742291,HIGH_RISK
0.7579139282992194,0.15250028553520423,0.08958578616557648,HIGH_RISK
0.17671162600415596,0.7866671465427998,0.03662122745304421,MONITORING
0.7722118969945162,0.16589590451732134,0.06189219848816261,HIGH_RISK
0.17329722895672742,0.42754997516494025,0.3991527958783323,MONITORING
0.8742460225146503,0.12281087032055027,0.002943107164799268,HIGH_RISK
0.7579162084753684,0.15250307112480463,0.08958072039982674,HIGH_RISK
0.063640236360339,0.9237001700690612,0.012659593570599722,MONITORING
0.06929197275105838,0.20460264794989824,0.7261053792990434,LOW_RISK
0.15268315266019883,0.8191373872600934,0.028179460079707612,MONITORING
0.0973062007625066,0.3083375907509148,0.5943562084865787,MONITORING
0.17328798452851202,0.42753853516662926,0.39917348030485866,MONITORING
0.7579133962073744,0.152499627287433,0.0895869765051927,HIGH_RISK
0.054485757095793216,0.04898984596150403,0.8965243969427028,LOW_RISK
0.8742459315901672,0.12281096988755456,0.0029430985222783086,HIGH_RISK
0.927742896527668,0.048812740858363506,0.023444362613968553,HIGH_RISK
0.32054711614026216,0.6657491817232251,0.013703702136512797,MONITORING
0.17848448543790618,0.5954175194070339,0.22609799515505993,MONITORING
0.18229615072892177,0.7997626287507558,0.01794122052032254,MONITORING
0.15268575707851742,0.8191322497487616,0.028181993172720878,MONITORING
0.11949746760042973,0.777539400015403,0.10296313238416716,MONITORING
0.15268251586832346,0.8191386430913415,0.028178841040335016,MONITORING
0.1526827290141112,0.8191382231422075,0.028179047843681256,MONITORING
0.10745148241694151,0.88955795726127,0.0029905603217884667,MONITORING
0.06364037299389567,0.9236999106916031,0.012659716314501251,MONITORING
0.11949747530266185,0.7775393489953087,0.10296317570202944,MONITORING
0.0114418308710068,0.025902137234872346,0.9626560318941209,LOW_RISK
0.1402820427071338,0.7612200134144099,0.09849794387845623,MONITORING
0.38897389987743336,0.5959753009023869,0.015050799220179776,HIGH_RISK
0.15105776787655717,0.7984117490405708,0.05053048308287203,MONITORING
0.06476835804498805,0.9001001159342165,0.035131526020795466,MONITORING
0.8924549031202773,0.08725785244141272,0.020287244438310148,HIGH_RISK
0.11949747474912815,0.7775393523352562,0.10296317291561574,MONITORING
0.8473007168508867,0.07824811183294475,0.07445117131616859,HIGH_RISK
0.8985698228075152,0.05075908647916271,0.050671090713322035,HIGH_RISK
0.22796003247146335,0.5163489865232053,0.2556909810053314,MONITORING
0.11949746695695371,0.7775394100655416,0.1029631229775046,MONITORING
0.9364723414941561,0.06271628654392516,0.0008113719619187666,HIGH_RISK
0.9277428280373644,0.04881276211122463,0.023444409851410896,HIGH_RISK
0.11613497120553748,0.8285302172400452,0.055334811554417454,MONITORING
0.15268552840736122,0.8191327005380952,0.028181771054543548,MONITORING
0.8446654151814403,0.045824539059584696,0.10951004575897506,HIGH_RISK
0.10745147974330753,0.8895579602460424,0.0029905600106501225,MONITORING
0.13170076186669696,0.5218893876736183,0.34640985045968475,LOW_RISK
0.13451268836285432,0.4721936962469921,0.3932936153901535,MONITORING
0.210470262820061,0.6441182719011342,0.14541146527880477,MONITORING
0.06364035029267794,0.9236999536510297,0.012659696056292273,MONITORING
0.06476835794478057,0.9001001157275835,0.03513152632763581,MONITORING
